0108ab7f15cc43a8adc0bd4de92f6aeb	\N	116.1.3.204	blog_content	c459e7c261884086b5e462fa4f26cc04	\N	1	2018-12-29 10:30:09	2018-12-29 10:30:09
01c0d1d15a844837b1b484b4b3f69c9b	\N	116.1.3.205	blog_content	086f5b8d6e464a5ca81a1a738b9f5612	\N	1	2018-12-17 10:06:45	2018-12-17 10:06:45
029f455392f54d059ef3833059aeb3cf	\N	116.1.3.204	blog_content	bcdb3ee0332a440994216682cf850ed6	\N	1	2018-12-19 12:43:47	2018-12-19 12:43:47
05bd977d84e844a88df35596d3e3ba7b	\N	116.1.3.204	blog_content	bcdb3ee0332a440994216682cf850ed6	\N	1	2018-12-19 12:44:03	2018-12-19 12:44:03
0695aec087fe49019d9f20df604b17f4	\N	116.1.3.204	blog_search	\N	阿里	1	2018-12-19 21:15:27	2018-12-19 21:15:27
07c635a4b67a468bafab76fae5645de3	\N	116.1.3.204	blog_content	4000982427cb47edb8c626f409d5377d	\N	1	2018-12-22 16:19:24	2018-12-22 16:19:24
09c3329b2eed40b9961ca3cf55068863	\N	116.1.3.204	blog_content	a31ef259e0514245938d20b9e70b71ed	\N	1	2018-12-20 15:15:16	2018-12-20 15:15:16
0a5f56fd04bb4e9eb27bd2b2e6c306b9	\N	116.1.3.204	blog_content	bcdb3ee0332a440994216682cf850ed6	\N	1	2018-12-30 12:40:40	2018-12-30 12:40:40
0af5821f5bff4d4797acb65193dfa7ac	\N	111.59.124.148	blog_content	7936b17678e84ddb81ac0af74f22c355	\N	1	2018-12-22 11:38:14	2018-12-22 11:38:14
0e0abb7f8a3443438f2c6dfe35f657cf	\N	111.59.124.148	blog_content	a31ef259e0514245938d20b9e70b71ed	\N	1	2018-12-22 13:14:05	2018-12-22 13:14:05
0eb05d1ee070488da69aaaf5627b36a7	\N	111.59.124.148	blog_content	9904f21deb604f3a92e450bb7667171f	\N	1	2019-01-10 23:09:34	2019-01-10 23:09:34
1173ac8fa7d14bbd8c3bbc71fe154a50	\N	103.25.20.80	blog_content	086f5b8d6e464a5ca81a1a738b9f5612	\N	1	2019-01-09 09:34:58	2019-01-09 09:34:58
13cbdd91654246f19eb2334edf955bdf	\N	116.1.3.204	blog_content	bcdb3ee0332a440994216682cf850ed6	\N	1	2018-12-27 09:35:28	2018-12-27 09:35:28
15d008ae46284088a4cce16864bfd504	\N	116.1.3.204	blog_content	d5968d02f570411184cdfcc082d28dac	\N	1	2018-12-30 12:55:27	2018-12-30 12:55:27
169b0d8540ae4282b71d523a7971a48e	\N	116.1.3.204	blog_content	7936b17678e84ddb81ac0af74f22c355	\N	1	2018-12-19 21:25:06	2018-12-19 21:25:06
176726fe400e4620aae2fd8cce8859ca	\N	116.1.3.204	blog_content	7936b17678e84ddb81ac0af74f22c355	\N	1	2018-12-19 21:26:06	2018-12-19 21:26:06
179f93eaffb94a3fb003d27bc5e91b34	\N	116.1.3.204	blog_content	ffd8c8bfe7234bc6aed88d813e3b67ed	\N	1	2018-12-30 12:55:34	2018-12-30 12:55:34
1af32782c84c4220ba26b6115ddd9b20	\N	116.1.3.204	blog_content	a31ef259e0514245938d20b9e70b71ed	\N	1	2018-12-24 22:33:57	2018-12-24 22:33:57
1b249d70d3074791888ebd3e589cdf20	\N	116.1.3.204	blog_content	208692b2a7a242f4942993abb8eebf8b	\N	1	2018-12-31 16:00:42	2018-12-31 16:00:42
1b46a982d1d3458e8e23b6d56f055d45	\N	116.1.3.204	blog_content	a31ef259e0514245938d20b9e70b71ed	\N	1	2018-12-19 21:15:23	2018-12-19 21:15:23
1d21ae66d9b141eb8a0c220c806048f8	\N	116.1.3.204	blog_content	80b7fb49e91d4930a7b5f0c084f12cbc	\N	1	2018-12-22 16:07:42	2018-12-22 16:07:42
1d41eead8f2b480a9c5f9f9f7d753fe0	\N	116.1.3.204	blog_content	7936b17678e84ddb81ac0af74f22c355	\N	1	2018-12-19 21:25:57	2018-12-19 21:25:57
1eddf5cae0924642b3929b416eeaeffa	\N	116.1.3.204	blog_content	bcdb3ee0332a440994216682cf850ed6	\N	1	2018-12-19 12:44:03	2018-12-19 12:44:03
207c1bcc40844e309806c0f4c5718fc0	\N	116.1.3.204	blog_content	208692b2a7a242f4942993abb8eebf8b	\N	1	2018-12-31 12:39:24	2018-12-31 12:39:24
21aba54deba24de594313bbfaa2f1d2e	\N	111.59.124.148	blog_content	80b7fb49e91d4930a7b5f0c084f12cbc	\N	1	2018-12-22 11:38:00	2018-12-22 11:38:00
21f23ec5dfd54f53a091c4c59d953237	\N	116.1.3.205	blog_sort	2c93dfab0e754006866f8ed486923a41	\N	1	2018-12-18 23:02:14	2018-12-18 23:02:14
22bf8a75febd4f5e972bc8ac894c5770	\N	116.1.3.205	blog_content	8a7a023fb6094a388dff50e478f295a9	\N	1	2018-12-16 18:24:02	2018-12-16 18:24:02
24b388b513ff45bba9cebab9d23de0bf	\N	116.1.3.204	blog_search	\N	哥们	1	2019-01-01 21:12:21	2019-01-01 21:12:21
263d6f0bcfea47bcb9479d534904190b	\N	111.59.124.148	blog_search	\N	值传递	1	2019-01-09 21:26:28	2019-01-09 21:26:28
2663b042033145df8d78cf65c7d83928	\N	116.1.3.205	blog_content	bcdb3ee0332a440994216682cf850ed6	\N	1	2018-12-16 12:45:11	2018-12-16 12:45:11
26c8973ef0b8473295e653250d97e50d	\N	116.1.3.205	blog_content	bcdb3ee0332a440994216682cf850ed6	\N	1	2018-12-16 19:57:46	2018-12-16 19:57:46
280eea9528544cf7bbc803c781d4bd6c	\N	116.1.3.204	blog_content	7936b17678e84ddb81ac0af74f22c355	\N	1	2018-12-26 21:04:24	2018-12-26 21:04:24
2913a72e562a4dee9af0d4bc22968e7f	\N	111.59.124.146	blog_content	3008b19a20cd46aba7b62d619e7c5700	\N	1	2018-12-23 10:23:21	2018-12-23 10:23:21
31c51a97f9944fc8b4d61c6b8bfb70ff	\N	111.59.124.148	blog_content	ffd8c8bfe7234bc6aed88d813e3b67ed	\N	1	2019-01-06 19:26:53	2019-01-06 19:26:53
35e8aff106ea4bcf86ec0983ffc8eb83	\N	116.1.3.204	blog_tag	0b51c75ed5744cdcadefe0ad947be9b6	\N	1	2018-12-31 12:39:41	2018-12-31 12:39:41
362e4bad2bf340a8848b3592f75372c5	\N	116.1.3.204	blog_content	d5968d02f570411184cdfcc082d28dac	\N	1	2018-12-31 16:00:57	2018-12-31 16:00:57
3ad6a27e771a4f76aa60c39d8a199879	\N	116.1.3.204	blog_content	f346267364024e78844d459be2f6f528	\N	1	2018-12-30 11:02:38	2018-12-30 11:02:38
3c5982e3ad7b4e43b1abaeab3f355692	\N	116.1.3.204	blog_tag	5c939107ddb746b989156737805df625	\N	1	2018-12-19 12:43:55	2018-12-19 12:43:55
3d648abac5e440f5b5f1afe2fad0bd56	\N	116.1.3.204	blog_search	\N	Mysql	1	2018-12-29 10:30:13	2018-12-29 10:30:13
3e48f2623c8747ecbb1ec7129971cb1b	\N	111.59.124.148	blog_content	891ca107b434453790c49719e47c53a1	\N	1	2019-01-09 10:04:57	2019-01-09 10:04:57
3e91b6e3de7245a49ba25d34d8467bfe	\N	116.1.3.204	blog_content	3008b19a20cd46aba7b62d619e7c5700	\N	1	2018-12-30 12:41:51	2018-12-30 12:41:51
3f21fda269bd4732aef65672bca5e4d9	\N	103.25.20.80	blog_tag	7e0e93ea6cdb44ae92e58f48e6496ed7	\N	1	2018-12-18 13:44:18	2018-12-18 13:44:18
3fce44f3b4fb4df49554985f25b3ec96	\N	116.1.3.204	blog_content	a31ef259e0514245938d20b9e70b71ed	\N	1	2018-12-22 16:07:03	2018-12-22 16:07:03
40bae1051eea48718977f501cfa08a32	\N	116.1.3.204	blog_content	a31ef259e0514245938d20b9e70b71ed	\N	1	2018-12-20 15:13:36	2018-12-20 15:13:36
40c39823c1664e4fbf4424fd64e2ecd2	\N	103.25.20.80	blog_content	a31ef259e0514245938d20b9e70b71ed	\N	1	2019-01-09 09:31:18	2019-01-09 09:31:18
416d9a44c56a4ff5a6916020e2dcd46e	\N	116.1.3.204	blog_content	3008b19a20cd46aba7b62d619e7c5700	\N	1	2018-12-23 10:12:44	2018-12-23 10:12:44
47db98307f484a3da0bb94d693a8e65b	\N	116.1.3.204	blog_tag	ca928e8718654aa5a802e2f69277b137	\N	1	2018-12-23 10:12:55	2018-12-23 10:12:55
48990ccaa4144fc4a23b283d00097b31	\N	116.1.3.194	blog_content	d57e5f33701c402c8ae5caeb489f6a74	\N	1	2019-01-02 20:37:43	2019-01-02 20:37:43
4b16a73ed8774505b67b462edadc2de9	\N	111.59.124.148	blog_content	80b7fb49e91d4930a7b5f0c084f12cbc	\N	1	2019-01-09 20:57:54	2019-01-09 20:57:54
4bfeb86122574476b419121e1ca13eff	\N	116.1.3.205	blog_content	bcdb3ee0332a440994216682cf850ed6	\N	1	2018-12-16 16:50:07	2018-12-16 16:50:07
4d739ffe3edb47099ff8816fddc1175d	\N	116.1.3.205	blog_content	bcdb3ee0332a440994216682cf850ed6	\N	1	2018-12-18 08:56:55	2018-12-18 08:56:55
5066a15975e04aaf8cfa46d921783bb9	\N	111.59.124.148	blog_content	3008b19a20cd46aba7b62d619e7c5700	\N	1	2019-01-09 21:05:58	2019-01-09 21:05:58
519f8f6fe644470490a33833deebaccb	\N	111.59.124.148	blog_content	208692b2a7a242f4942993abb8eebf8b	\N	1	2019-01-06 19:26:59	2019-01-06 19:26:59
545aed2a6f9b4a7db82ee11001096ed5	\N	116.1.3.204	blog_content	7936b17678e84ddb81ac0af74f22c355	\N	1	2018-12-24 22:33:09	2018-12-24 22:33:09
599f79d369f24fc5b01a3376708226a5	\N	116.1.3.205	blog_tag	ca928e8718654aa5a802e2f69277b137	\N	1	2018-12-17 10:06:31	2018-12-17 10:06:31
5a4968e0b0894abb9c14732b93554932	\N	221.219.205.182	blog_content	7936b17678e84ddb81ac0af74f22c355	\N	1	2018-12-25 11:10:41	2018-12-25 11:10:41
5cb634887c8e499da460b2726f8f5f40	\N	223.104.170.153	blog_content	7936b17678e84ddb81ac0af74f22c355	\N	1	2018-12-30 10:06:37	2018-12-30 10:06:37
5d45efe6b2d448e4b213f979169de0ff	\N	116.1.3.204	blog_content	80b7fb49e91d4930a7b5f0c084f12cbc	\N	1	2018-12-29 10:42:56	2018-12-29 10:42:56
5d5a7a5ecae04b0c82016509c0064ee2	\N	116.1.3.204	blog_tag	1c76b9848f5f4d71a5e88b20dbaf38f4	\N	1	2018-12-30 11:02:32	2018-12-30 11:02:32
5eb36febbcfd4ce59a3c4e484f623783	\N	116.1.3.204	blog_content	ffd8c8bfe7234bc6aed88d813e3b67ed	\N	1	2018-12-31 10:51:15	2018-12-31 10:51:15
5efddbc62f924167b1866663839d0965	\N	116.1.3.204	blog_content	3008b19a20cd46aba7b62d619e7c5700	\N	1	2018-12-24 22:27:17	2018-12-24 22:27:17
5f32c4a2c5fb43f59d13c370e14aea4c	\N	116.1.3.204	blog_search	\N	Mysql	1	2018-12-29 10:30:03	2018-12-29 10:30:03
5f9e43940d0b4347b6d1f362df4fe193	\N	111.59.124.148	blog_content	7936b17678e84ddb81ac0af74f22c355	\N	1	2018-12-21 13:06:19	2018-12-21 13:06:19
6115b4d2681f454e8626879b0f8a1a47	\N	116.1.3.204	blog_content	bcdb3ee0332a440994216682cf850ed6	\N	1	2019-01-03 10:52:31	2019-01-03 10:52:31
6343c55a3caa4870ab3c254043d529d6	\N	116.1.3.204	blog_content	a31ef259e0514245938d20b9e70b71ed	\N	1	2018-12-19 21:26:10	2018-12-19 21:26:10
63ad9c0f59e7490a9a365595c090b605	\N	111.59.124.148	blog_tag	2f5779e877da48958c985d69b311d0d6	\N	1	2018-12-22 11:37:52	2018-12-22 11:37:52
68726427bec14b10b5da401406d6ac11	\N	116.1.3.204	blog_content	7936b17678e84ddb81ac0af74f22c355	\N	1	2018-12-20 09:54:14	2018-12-20 09:54:14
6a3a73a0af0b4089822c148f7eb90b52	\N	116.1.3.205	blog_content	3008b19a20cd46aba7b62d619e7c5700	\N	1	2018-12-16 18:23:49	2018-12-16 18:23:49
6a8b36b7910c40c29708efe84758fdc0	\N	116.1.3.204	blog_tag	ca928e8718654aa5a802e2f69277b137	\N	1	2018-12-22 16:19:19	2018-12-22 16:19:19
6c1da18447a743d6bb40c98ed58e6af6	\N	116.1.3.204	blog_content	a31ef259e0514245938d20b9e70b71ed	\N	1	2018-12-22 16:07:36	2018-12-22 16:07:36
6c3474b49c84418fa699eeac40de1570	\N	116.1.3.204	blog_content	3008b19a20cd46aba7b62d619e7c5700	\N	1	2018-12-19 19:48:00	2018-12-19 19:48:00
6e77f6c2f4e447d8a88cd72042cd4c15	\N	116.1.3.205	blog_content	08d759825ce945f1801ac08067d71bd8	\N	1	2018-12-16 18:24:07	2018-12-16 18:24:07
6f69c9a902e0451c9777031d96fde393	\N	116.1.3.204	blog_tag	53c5a0f3142e4f54820315936f78383b	\N	1	2018-12-31 16:01:06	2018-12-31 16:01:06
7023d7ed3ea74d63bdfa21014c0fd40b	\N	111.59.124.148	blog_content	d5968d02f570411184cdfcc082d28dac	\N	1	2019-01-09 20:20:37	2019-01-09 20:20:37
723b133882a44ac7bfc45797a503ef93	\N	116.1.3.204	blog_content	bcdb3ee0332a440994216682cf850ed6	\N	1	2018-12-19 12:44:03	2018-12-19 12:44:03
72ad4cbd2b224f47b9f8fbc388fed17a	\N	116.1.3.204	blog_content	6f0fc50433cf4a9194e01df4dcb56fb7	\N	1	2019-01-03 09:25:24	2019-01-03 09:25:24
73373fb72f1f4ef6b0eca0b38e51c5ea	\N	116.1.3.205	blog_search	\N	中间件	1	2018-12-16 16:52:32	2018-12-16 16:52:32
74ec9721602b4650bd116db77139225b	\N	111.59.124.148	blog_content	ab0f059160b643a38ee2708483ee0c6f	\N	1	2019-01-11 21:46:51	2019-01-11 21:46:51
769ebbdd65ba4d9ea6baf7a998e209ab	\N	116.1.3.205	blog_content	3008b19a20cd46aba7b62d619e7c5700	\N	1	2018-12-16 19:20:54	2018-12-16 19:20:54
7756099a00624d3783804bdaf8b61f44	\N	116.1.3.204	blog_tag	1c76b9848f5f4d71a5e88b20dbaf38f4	\N	1	2018-12-31 16:01:12	2018-12-31 16:01:12
77c974437d214e60b4b6905cfe48622a	\N	111.59.124.148	blog_content	ab0f059160b643a38ee2708483ee0c6f	\N	1	2019-01-14 13:01:48	2019-01-14 13:01:48
7b800bd77e0f4b3b805f61e2036f06d5	\N	116.1.3.204	blog_content	208692b2a7a242f4942993abb8eebf8b	\N	1	2018-12-30 12:45:54	2018-12-30 12:45:54
7bf3e981da0d49178f57fae3209389f9	\N	116.1.3.204	blog_content	3008b19a20cd46aba7b62d619e7c5700	\N	1	2018-12-19 19:49:18	2018-12-19 19:49:18
7c9193afe8844698ae1fc652411e2c17	\N	116.1.3.204	blog_content	3008b19a20cd46aba7b62d619e7c5700	\N	1	2018-12-27 09:35:17	2018-12-27 09:35:17
7f53b17f5e394960896ade4e2590c440	\N	111.59.124.148	blog_content	3008b19a20cd46aba7b62d619e7c5700	\N	1	2019-01-06 09:00:07	2019-01-06 09:00:07
7ffd14ae1bc1410eaae80d29e73ca8ee	\N	111.59.124.148	blog_content	9904f21deb604f3a92e450bb7667171f	\N	1	2019-01-09 21:27:32	2019-01-09 21:27:32
8181d57fb8c1483aabdcb684140c4bef	\N	116.1.3.204	blog_content	c459e7c261884086b5e462fa4f26cc04	\N	1	2018-12-29 10:29:56	2018-12-29 10:29:56
8189e3b0aa8b4ed8b70542641a946ef9	\N	116.1.3.204	blog_content	2c581c60ae6743a7a37bbe7543915483	\N	1	2018-12-31 16:01:27	2018-12-31 16:01:27
828d4a41a32c4517b42f1d988928d41c	\N	111.59.124.148	blog_content	9904f21deb604f3a92e450bb7667171f	\N	1	2019-01-10 14:40:15	2019-01-10 14:40:15
82b61ab5101f4933bd0a57e77acb2684	\N	116.1.3.204	blog_content	d57e5f33701c402c8ae5caeb489f6a74	\N	1	2019-01-01 16:31:47	2019-01-01 16:31:47
82d4baee970b4b04bcffb2747df0a82a	\N	116.1.3.204	blog_tag	ca928e8718654aa5a802e2f69277b137	\N	1	2018-12-31 16:01:19	2018-12-31 16:01:19
83073b4ab0f34c4aaa31cf8a16c40677	\N	116.1.3.204	blog_content	bcdb3ee0332a440994216682cf850ed6	\N	1	2019-01-02 21:08:41	2019-01-02 21:08:41
83a6570c8bac49ff9ebe750aae0b87dd	\N	116.1.3.204	blog_content	891ca107b434453790c49719e47c53a1	\N	1	2018-12-30 11:34:15	2018-12-30 11:34:15
84f2ee39e6c14f90856cb24d818d47fd	\N	116.1.3.205	blog_content	bcdb3ee0332a440994216682cf850ed6	\N	1	2018-12-17 10:06:15	2018-12-17 10:06:15
8557c5ffb46c47feab31d1a260a12719	\N	223.104.170.153	blog_content	aca3f1f0528a4714a74493c6f0f28e22	\N	1	2018-12-30 10:06:33	2018-12-30 10:06:33
88cc4edc266a4aeda9b860fe22e8394a	\N	116.1.3.204	blog_tag	1d1fd6d26c8e40a38637ef6126c45cd0	\N	1	2018-12-31 16:01:10	2018-12-31 16:01:10
89f3c538367840a4bcaf607c7d89df7f	\N	116.1.3.204	blog_content	208692b2a7a242f4942993abb8eebf8b	\N	1	2019-01-03 20:06:50	2019-01-03 20:06:50
8a7f44c1cf834bdbb2b290081791834b	\N	116.1.3.205	blog_tag	e2c7913050cf4ab9aa92902316aaf075	\N	1	2018-12-17 10:06:30	2018-12-17 10:06:30
8a9442f10d0144c0be88cc366e1f6fc5	\N	116.1.3.204	blog_content	567c7e0fc0e44b608521eae8ba8d5b15	\N	1	2018-12-30 12:43:32	2018-12-30 12:43:32
8dd1d357f28444229506ef2fd62975cc	\N	111.59.124.148	blog_content	f21bcafa7cd14feca15f8ce7eb5c33a5	\N	1	2019-01-09 21:26:36	2019-01-09 21:26:36
8e6d4e1c6e464e0494cbd089b0effe1c	\N	116.1.3.204	blog_content	a31ef259e0514245938d20b9e70b71ed	\N	1	2018-12-27 09:29:01	2018-12-27 09:29:01
900d2ba60f674c03967eaa788c7b4e73	\N	116.1.3.204	blog_content	bcdb3ee0332a440994216682cf850ed6	\N	1	2018-12-19 21:25:01	2018-12-19 21:25:01
92658f9ad80c4632bce58d2309869c68	\N	111.59.124.148	blog_content	9904f21deb604f3a92e450bb7667171f	\N	1	2019-01-09 21:44:23	2019-01-09 21:44:23
93e814f16dab4de791a3c77e7e70bed9	\N	116.1.3.204	blog_content	88f251b04fed4496b9b95e054efbc0c1	\N	1	2018-12-29 10:33:07	2018-12-29 10:33:07
94aab58add8d47d8b3d8de6f4cfd9384	\N	116.1.3.204	blog_content	208692b2a7a242f4942993abb8eebf8b	\N	1	2018-12-30 12:55:42	2018-12-30 12:55:42
9d31e877e0a74d049bd3295a43ca4f84	\N	116.1.3.205	blog_tag	53c5a0f3142e4f54820315936f78383b	\N	1	2018-12-17 10:06:27	2018-12-17 10:06:27
9dff261763b04e7c9406945437da776d	\N	116.1.3.205	blog_tag	5c939107ddb746b989156737805df625	\N	1	2018-12-17 10:06:21	2018-12-17 10:06:21
9f4f086c8c54407da2565a824abee6fa	\N	116.1.3.205	blog_content	bcdb3ee0332a440994216682cf850ed6	\N	1	2018-12-18 11:36:33	2018-12-18 11:36:33
a0010abb13244aa3b47d4e6354b1745a	\N	116.1.3.204	blog_tag	a9a747d944c24845815356f72723ef8e	\N	1	2018-12-31 16:01:23	2018-12-31 16:01:23
a0a436d7b59a47549938a2cccf7f7cd5	\N	116.1.3.204	blog_content	7936b17678e84ddb81ac0af74f22c355	\N	1	2018-12-24 22:32:22	2018-12-24 22:32:22
a0a5dd359c8c49a3b16eb6eb8faff175	\N	39.178.47.107	blog_content	891ca107b434453790c49719e47c53a1	\N	1	2019-01-07 22:09:35	2019-01-07 22:09:35
a0cee3fadab74ebba198b2b70b8cc30c	\N	116.1.3.205	blog_content	bcdb3ee0332a440994216682cf850ed6	\N	1	2018-12-18 08:56:47	2018-12-18 08:56:47
a1c613770246436d9993cbf4070ab521	\N	111.59.124.148	blog_content	9904f21deb604f3a92e450bb7667171f	\N	1	2019-01-10 20:38:12	2019-01-10 20:38:12
a350da87682b4dc7b63e30ddabf6f53e	\N	116.1.3.204	blog_content	d57e5f33701c402c8ae5caeb489f6a74	\N	1	2018-12-31 21:05:38	2018-12-31 21:05:38
a409dd49eb15435aa6d941793d75882a	\N	111.59.124.148	blog_content	d57e5f33701c402c8ae5caeb489f6a74	\N	1	2019-01-09 21:06:07	2019-01-09 21:06:07
a425b0777b174622a7dacd9bb8e63901	\N	116.1.3.205	blog_content	3008b19a20cd46aba7b62d619e7c5700	\N	1	2018-12-16 20:00:05	2018-12-16 20:00:05
a43825729d64479aa91bb55eb16965ec	\N	223.104.170.241	blog_content	7936b17678e84ddb81ac0af74f22c355	\N	1	2018-12-31 12:06:05	2018-12-31 12:06:05
a4c2f592c3684cde831a836575eefa79	\N	116.1.3.204	blog_content	d5968d02f570411184cdfcc082d28dac	\N	1	2018-12-29 10:43:05	2018-12-29 10:43:05
a5bceb4a2ebc45d7af119486a98ca5f1	\N	116.1.3.204	blog_content	d57e5f33701c402c8ae5caeb489f6a74	\N	1	2018-12-31 16:31:55	2018-12-31 16:31:55
a5e99a0294944a96810f676945d86e80	\N	111.59.124.148	blog_tag	7e0e93ea6cdb44ae92e58f48e6496ed7	\N	1	2019-01-10 23:09:44	2019-01-10 23:09:44
a86042839ab24e85af049b9ff4b43386	\N	116.1.3.204	blog_tag	5c939107ddb746b989156737805df625	\N	1	2018-12-19 12:43:59	2018-12-19 12:43:59
a93de4cb577242c6bad49651f956a6b6	\N	111.59.124.146	blog_content	3008b19a20cd46aba7b62d619e7c5700	\N	1	2018-12-23 10:23:42	2018-12-23 10:23:42
a975e1e1d83e4ad4853241f8bde93ae1	\N	116.1.3.204	blog_content	3008b19a20cd46aba7b62d619e7c5700	\N	1	2018-12-30 12:40:31	2018-12-30 12:40:31
aa188c0bbcfb40a0a749c84028220dbb	\N	223.104.170.153	blog_content	3008b19a20cd46aba7b62d619e7c5700	\N	1	2018-12-30 10:04:51	2018-12-30 10:04:51
ad3167409ba1423ca5caf2e1575f7d1e	\N	116.1.3.204	blog_tag	ca928e8718654aa5a802e2f69277b137	\N	1	2018-12-29 11:01:54	2018-12-29 11:01:54
adaeee5c3e034ac089846afebc0ab35c	\N	116.1.3.204	blog_content	891ca107b434453790c49719e47c53a1	\N	1	2019-01-01 21:08:48	2019-01-01 21:08:48
ae1b4dc8fcc0405c8417bcc276cf0f8a	\N	116.1.3.204	blog_content	a31ef259e0514245938d20b9e70b71ed	\N	1	2018-12-24 22:33:16	2018-12-24 22:33:16
affd517c0e714bdf845460e1f50d00b9	\N	116.1.3.205	blog_content	bcdb3ee0332a440994216682cf850ed6	\N	1	2018-12-16 19:57:37	2018-12-16 19:57:37
b1bb2ebd5d914d71a8e7fa7decfceab4	\N	116.1.3.204	blog_content	d57e5f33701c402c8ae5caeb489f6a74	\N	1	2019-01-01 21:01:31	2019-01-01 21:01:31
b737799489224b4db20aabe59df77387	\N	116.1.3.204	blog_content	a31ef259e0514245938d20b9e70b71ed	\N	1	2018-12-19 21:15:13	2018-12-19 21:15:13
b7d4bc12d32047dfa7e524d18db24db2	\N	116.1.3.205	blog_content	bcdb3ee0332a440994216682cf850ed6	\N	1	2018-12-16 19:57:45	2018-12-16 19:57:45
b8f6342626ad4ab39ba58d47790b2675	\N	116.1.3.204	blog_content	aca3f1f0528a4714a74493c6f0f28e22	\N	1	2018-12-27 09:35:40	2018-12-27 09:35:40
b97da0254db148d2a79178c6ee13b948	\N	116.1.3.204	blog_content	cced8cef5ad8423494573ca2e337cd40	\N	1	2018-12-29 10:51:07	2018-12-29 10:51:07
bd06522922854943b75f53631b6bfcc0	\N	116.1.3.204	blog_tag	5c939107ddb746b989156737805df625	\N	1	2018-12-19 12:43:59	2018-12-19 12:43:59
c133a3728fb74515b6fe3ea54738fd2f	\N	116.1.3.204	blog_content	d5968d02f570411184cdfcc082d28dac	\N	1	2019-01-01 16:31:55	2019-01-01 16:31:55
c276589ff88c4552905e2359b4f02749	\N	111.59.124.148	blog_content	891ca107b434453790c49719e47c53a1	\N	1	2019-01-10 23:09:48	2019-01-10 23:09:48
c47a52a88d6040bea43bec3ec5d661ed	\N	116.1.3.204	blog_content	bcdb3ee0332a440994216682cf850ed6	\N	1	2018-12-22 16:19:08	2018-12-22 16:19:08
c48787d302954830b4bf46510bdcc988	\N	116.1.3.205	blog_content	bcdb3ee0332a440994216682cf850ed6	\N	1	2018-12-18 08:56:50	2018-12-18 08:56:50
c71253e92c244ba4b300706ee7ec079c	\N	111.59.124.148	blog_content	891ca107b434453790c49719e47c53a1	\N	1	2019-01-09 21:06:19	2019-01-09 21:06:19
c90ffec29dc8466da844b48afb81fdc6	\N	116.1.3.204	blog_content	e6b65558d5f14840b02f28efcde53779	\N	1	2018-12-29 11:01:42	2018-12-29 11:01:42
cbcb384c07424a1e9e2bc79b7c7ebea2	\N	116.1.3.204	blog_search	\N	备份	1	2018-12-20 15:19:40	2018-12-20 15:19:40
cca5ee9ab0fd4f99afafed93fee673f3	\N	116.1.3.204	blog_content	c459e7c261884086b5e462fa4f26cc04	\N	1	2018-12-29 10:29:25	2018-12-29 10:29:25
d2f631eafcb445e19f3f0e1a9d2f4258	\N	116.1.3.204	blog_content	4000982427cb47edb8c626f409d5377d	\N	1	2018-12-20 15:19:42	2018-12-20 15:19:42
d6ce3711e44243f3ae9274906d2b007a	\N	116.1.3.204	blog_tag	7e0e93ea6cdb44ae92e58f48e6496ed7	\N	1	2018-12-31 16:01:15	2018-12-31 16:01:15
d7ab907c738b4749944d1f17bea0bff2	\N	116.1.3.204	blog_content	aca3f1f0528a4714a74493c6f0f28e22	\N	1	2018-12-29 10:32:35	2018-12-29 10:32:35
dbfadee25a114b4da97f151a1d35aa79	\N	111.59.124.148	blog_search	\N	值传递	1	2019-01-09 21:28:14	2019-01-09 21:28:14
dd8eaae9d0e84499b7d6eecdd593c69f	\N	116.1.3.204	blog_content	a31ef259e0514245938d20b9e70b71ed	\N	1	2018-12-22 16:07:28	2018-12-22 16:07:28
df1151e093674fdbafceae0ab6b54581	\N	116.1.3.204	blog_content	aca3f1f0528a4714a74493c6f0f28e22	\N	1	2018-12-27 09:30:40	2018-12-27 09:30:40
e082f480020946ce9a4150d5f49dab21	\N	116.1.3.204	blog_content	3008b19a20cd46aba7b62d619e7c5700	\N	1	2018-12-31 12:38:51	2018-12-31 12:38:51
e1cfdf5c3a344fea90b29d60c1e6b7fc	\N	116.1.3.204	blog_content	e6b65558d5f14840b02f28efcde53779	\N	1	2018-12-29 11:02:21	2018-12-29 11:02:21
e20d867ae2954cbf95eba57dbcab0625	\N	116.1.3.205	blog_content	1e1bc0784fcd44a8bef950d6156e2bd8	\N	1	2018-12-16 19:57:50	2018-12-16 19:57:50
e228245347b3456ab508f5fdccdca516	\N	116.1.3.205	blog_tag	2f5779e877da48958c985d69b311d0d6	\N	1	2018-12-17 10:06:25	2018-12-17 10:06:25
e2f75874b860499abc194c16cf221445	\N	116.1.3.204	blog_content	ffd8c8bfe7234bc6aed88d813e3b67ed	\N	1	2019-01-01 21:01:25	2019-01-01 21:01:25
e625eb0cba2342e4b77f2b152e55ee48	\N	116.1.3.205	blog_content	8a7a023fb6094a388dff50e478f295a9	\N	1	2018-12-16 20:00:10	2018-12-16 20:00:10
e90f1dbf8ef1411e9bd38a6590c69e7b	\N	116.1.3.204	blog_content	1e1bc0784fcd44a8bef950d6156e2bd8	\N	1	2018-12-29 10:32:49	2018-12-29 10:32:49
e9e80e3fbc9f4b2592b60cac3f373fd7	\N	116.1.3.205	blog_tag	ca928e8718654aa5a802e2f69277b137	\N	1	2018-12-16 18:24:05	2018-12-16 18:24:05
ea814bfc73bf402b973f691d3584d515	\N	116.1.3.204	blog_content	208692b2a7a242f4942993abb8eebf8b	\N	1	2018-12-31 16:00:55	2018-12-31 16:00:55
ea8e31b95e1f40368fa2b38bf75ca5be	\N	116.1.3.204	blog_tag	5c939107ddb746b989156737805df625	\N	1	2018-12-19 12:43:59	2018-12-19 12:43:59
ed940479df314af08df89448d2ca1dec	\N	116.1.3.204	blog_tag	1c76b9848f5f4d71a5e88b20dbaf38f4	\N	1	2018-12-22 16:19:13	2018-12-22 16:19:13
edd446b1c3d048a7bb2210cf3a6e1b95	\N	116.1.3.204	blog_content	bcdb3ee0332a440994216682cf850ed6	\N	1	2018-12-19 21:26:13	2018-12-19 21:26:13
f03c541b65044796b07879fcf867f3ea	\N	116.1.3.205	blog_content	bcdb3ee0332a440994216682cf850ed6	\N	1	2018-12-18 22:56:49	2018-12-18 22:56:49
f1001d27a30b4c6c805b063fa4a55464	\N	116.1.3.204	blog_content	7936b17678e84ddb81ac0af74f22c355	\N	1	2018-12-22 17:08:03	2018-12-22 17:08:03
f21c03391720453b94b97762d36ad07d	\N	223.104.170.153	blog_content	aca3f1f0528a4714a74493c6f0f28e22	\N	1	2018-12-30 10:06:26	2018-12-30 10:06:26
f9bdf7f3915842628c1b7891920212e9	\N	116.1.3.205	blog_content	6f0fc50433cf4a9194e01df4dcb56fb7	\N	1	2018-12-17 10:05:59	2018-12-17 10:05:59
f9e79906e1dd40d0beff963f85f8d5d1	\N	116.1.3.205	blog_content	bcdb3ee0332a440994216682cf850ed6	\N	1	2018-12-18 08:56:38	2018-12-18 08:56:38
fd90b31df0634f519715c0463566537c	\N	116.1.3.204	blog_search	\N	哥们	1	2019-01-01 21:12:42	2019-01-01 21:12:42
fdcd5fcf8a7e4d8f962961f8c373a86f	\N	116.1.3.204	blog_tag	a9a747d944c24845815356f72723ef8e	\N	1	2018-12-31 12:39:35	2018-12-31 12:39:35
fdf98cdd86e3470bae0cd80727f6413e	\N	116.1.3.204	blog_content	bcdb3ee0332a440994216682cf850ed6	\N	1	2018-12-27 08:45:39	2018-12-27 08:45:39
fe8bd1ace05e499b8542a542bfd6087e	\N	116.1.3.204	blog_content	7936b17678e84ddb81ac0af74f22c355	\N	1	2018-12-24 22:32:36	2018-12-24 22:32:36
fffe3d1391f9486daafd888c19f7176e	\N	116.1.3.204	blog_content	c459e7c261884086b5e462fa4f26cc04	\N	1	2018-12-29 10:51:49	2018-12-29 10:51:49
